Track URI,Track Name,Album Name,Artist Name(s),Release Date,Duration (ms),Popularity,Explicit,Added By,Added At,Genres,Record Label,Danceability,Energy,Key,Loudness,Mode,Speechiness,Acousticness,Instrumentalness,Liveness,Valence,Tempo,Time Signature
spotify:track:1hytmCxrSmEY8FtD0QKspU,"Different Shoes","Different Shoes","Uwe Felchle Project",2025-08-04,235275,0,false,lhecfot2d0dk35zz819282qni,2026-03-26T17:09:44Z,"","FUNKY MOOSE RECORDS",0.445,0.526,2,-10.653,1,0.0268,0.0241,0.00323,0.307,0.24,179.911,4
spotify:track:11ooYitBPq6cyXyFDnF56N,"Darkness is denying","Darkness is denying","Uwe Felchle Project",2025-07-13,232106,0,false,lhecfot2d0dk35zz819282qni,2026-03-26T17:09:46Z,"","FUNKY MOOSE RECORDS",0.659,0.51,4,-9.376,0,0.0369,0.127,0.0244,0.082,0.135,121.965,4
spotify:track:37Vp9bPEiZypHRk4fsOCEx,"Furry Love","Furry Love","Uwe Felchle Project",2025-06-30,225000,0,false,lhecfot2d0dk35zz819282qni,2026-03-26T17:09:47Z,"","FUNKY MOOSE RECORDS",0.562,0.398,9,-13.579,1,0.0258,0.095,0,0.344,0.498,80.022,1
spotify:track:0jm7n8qcdWuKOGs9ZQZpdn,"Alarm auf dem Mars","Alarm auf dem Mars","Uwe Felchle Project;Finn`s orbitale Frühstücks Überwachung",2025-05-15,191146,0,false,lhecfot2d0dk35zz819282qni,2026-03-26T17:09:49Z,"","FUNKY MOOSE RECORDS",0.682,0.702,5,-8.904,0,0.0486,0.0018,0.00276,0.0983,0.84,139.507,4
spotify:track:6bMdZlqKtMBJptNgxz4TBh,"Marlene","Marlene","Uwe Felchle Project;John Daniels",2025-05-02,256236,0,false,lhecfot2d0dk35zz819282qni,2026-03-26T17:09:50Z,"","FUNKY MOOSE RECORDS",0.661,0.722,6,-9.36,0,0.0274,0.0114,0.608,0.19,0.718,119.992,4
spotify:track:4G3Lf5oSmfGhmJyRbTy0xX,"Trace of gloom","Trace of gloom","Uwe Felchle Project",2025-04-29,195000,0,false,lhecfot2d0dk35zz819282qni,2026-03-26T17:09:52Z,"","FUNKY MOOSE RECORDS",0.752,0.412,7,-13.24,1,0.0336,0.234,0.000112,0.202,0.795,96.025,4
spotify:track:2hYM3WPs86NAiYSgB8FepK,"Jetzt kann ich gehn`","Jetzt kann ich gehn`","Uwe Felchle Project;Finn`s orbitale Frühstücks Überwachung",2025-04-28,201403,0,false,lhecfot2d0dk35zz819282qni,2026-03-26T17:09:54Z,"","FUNKY MOOSE RECORDS",0.691,0.833,11,-11.368,0,0.0386,0.0045,0.000427,0.124,0.615,105.009,4
spotify:track:1oHJpURDIq3d6TITLAHUwJ,"Fast wie die Sonne","Fast wie die Sonne","Uwe Felchle Project;Finn`s orbitale Frühstücks Überwachung",2025-04-28,232464,0,false,lhecfot2d0dk35zz819282qni,2026-03-26T17:09:57Z,"","FUNKY MOOSE RECORDS",0.746,0.498,4,-13.442,0,0.0359,0.0107,0.14,0.151,0.869,127.002,4
spotify:track:2NiuPQQVZwjr5tf6QTxF18,"In meinen Träumen","In meinen Träumen","Uwe Felchle Project",2024-11-23,188512,0,false,lhecfot2d0dk35zz819282qni,2026-03-26T17:09:58Z,"","FUNKY MOOSE RECORDS",0.704,0.669,9,-12.339,0,0.0355,0.00824,0.476,0.0823,0.484,115.503,4
spotify:track:79l5iclZjMd3rXLTpYUuSR,"4yourlove","4yourlove","Uwe Felchle Project",2024-07-29,212950,0,false,lhecfot2d0dk35zz819282qni,2026-03-26T17:10:00Z,"","FUNKY MOOSE RECORDS",0.323,0.494,0,-9.936,1,0.0323,0.219,0.917,0.12,0.186,199.701,4
spotify:track:2PVM0WJB5b37h35uMLasHi,"More than words can tell","More than words can tell","Uwe Felchle Project;Kai Antonio Portolano",2024-04-02,166710,0,false,lhecfot2d0dk35zz819282qni,2026-03-26T17:10:21Z,"","FUNKY MOOSE RECORDS",0.665,0.584,7,-8.586,1,0.0235,0.0574,0.0818,0.0848,0.447,100.011,4
spotify:track:5nOgJzDSs3UUAyl7RoHDXA,"never blame the pyromaniac","never blame the pyromaniac","Uwe Felchle Project",2024-01-20,235764,0,false,lhecfot2d0dk35zz819282qni,2026-03-26T17:10:25Z,"","FUNKY MOOSE RECORDS",0.533,0.6,4,-9.818,0,0.0405,0.138,0.0118,0.0999,0.734,169.994,4
spotify:track:4rQcFNN4Yy5DtKaBunnTrP,"OH-OUH-OUGH!","OH-OUH-OUGH!","Uwe Felchle Project",2024-01-04,236457,0,false,lhecfot2d0dk35zz819282qni,2026-03-26T17:10:30Z,"","FUNKY MOOSE RECORDS",0.54,0.519,0,-10.233,1,0.0362,0.618,0.0648,0.0664,0.513,142.011,4
spotify:track:7ul3W8ZGFbDUAMmC4pTVx4,"Poppy seed cake","Poppy seed cake","Uwe Felchle Project",2023-12-26,176551,0,false,lhecfot2d0dk35zz819282qni,2026-03-26T17:10:32Z,"","FUNKY MOOSE RECORDS",0.538,0.635,2,-11.46,0,0.0355,0.131,0.000466,0.352,0.472,87.055,4
spotify:track:1DBeS01u1HXnKgpJiy7qIF,"Because of you!","Because of you!","Uwe Felchle Project",2023-12-16,147692,0,false,lhecfot2d0dk35zz819282qni,2026-03-26T17:10:39Z,"","FUNKY MOOSE RECORDS",0.612,0.8,0,-6.06,1,0.0343,0.436,0,0.0651,0.473,103.967,4
spotify:track:4xCpY6jQ9gPfpoM9uCpfOE,"What a wonderful life","What a wonderful life","Uwe Felchle Project",2023-12-08,157894,0,false,lhecfot2d0dk35zz819282qni,2026-03-26T17:10:40Z,"","FUNKY MOOSE RECORDS",0.534,0.763,0,-5.304,1,0.0331,0.0689,0.00262,0.158,0.558,76.065,4
spotify:track:30v9GKRek72SmLYZQeHN24,"White doves just fly away","White doves just fly away","Uwe Felchle Project",2023-11-30,192000,0,false,lhecfot2d0dk35zz819282qni,2026-03-26T17:10:42Z,"","FUNKY MOOSE RECORDS",0.496,0.87,0,-6.336,1,0.0587,0.0125,0.415,0.626,0.307,100.066,4
spotify:track:6f8Yc5wcFXugB8Jx3kPbeP,"Shine your light on me","Shine your light on me","Uwe Felchle Project",2023-11-24,161462,0,false,lhecfot2d0dk35zz819282qni,2026-03-26T17:10:49Z,"","FUNKY MOOSE RECORDS",0.485,0.77,9,-5.881,0,0.0274,0.00266,0.0281,0.215,0.241,87.994,4
spotify:track:2Xie3zYp1ntMPq0kFIe1Yj,"More Than Words Can Tell","Cavern Spot","Uwe Felchle Project",2023-11-11,166710,0,false,lhecfot2d0dk35zz819282qni,2026-03-26T17:10:52Z,"","FUNKY MOOSE RECORDS",0.655,0.668,7,-6.8,1,0.0237,0.0741,0.0248,0.0912,0.445,99.999,4
spotify:track:4rAaFn4xgswN9ci1aojysK,"Wonderful Life","Cavern Spot","Uwe Felchle Project",2023-11-11,157894,0,false,lhecfot2d0dk35zz819282qni,2026-03-26T17:10:52Z,"","FUNKY MOOSE RECORDS",0.528,0.69,7,-7.847,1,0.0341,0.1,0.00191,0.171,0.575,76.009,4
spotify:track:7q72noyU7GYeXQ1fNQbGbW,"White Doves Fly Away","Cavern Spot","Uwe Felchle Project",2023-11-11,192000,0,false,lhecfot2d0dk35zz819282qni,2026-03-26T17:10:52Z,"","FUNKY MOOSE RECORDS",0.49,0.798,0,-9.334,1,0.0566,0.0191,0.504,0.594,0.316,100.233,4
spotify:track:0pNoWa63GfqLOewDETZAcm,"Shine Your Light On Me","Cavern Spot","Uwe Felchle Project",2023-11-11,163157,0,false,lhecfot2d0dk35zz819282qni,2026-03-26T17:10:52Z,"","FUNKY MOOSE RECORDS",0.483,0.795,9,-6.609,0,0.0292,0.00267,0.0674,0.119,0.173,88.009,4
spotify:track:3ARxww9VDJpZZjmRl3e7QI,"Poppy Seed Cake","Cavern Spot","Uwe Felchle Project",2023-11-11,176551,0,false,lhecfot2d0dk35zz819282qni,2026-03-26T17:10:52Z,"","FUNKY MOOSE RECORDS",0.541,0.704,2,-9.156,0,0.0335,0.142,0.00358,0.351,0.446,86.99,4
spotify:track:7gFFMruK1RvpwYaVZIOj0v,"Oh-Ouh-Ough","Cavern Spot","Uwe Felchle Project",2023-11-11,236457,0,false,lhecfot2d0dk35zz819282qni,2026-03-26T17:10:52Z,"","FUNKY MOOSE RECORDS",0.536,0.575,0,-8.177,1,0.0379,0.632,0.0628,0.0682,0.505,142.011,4
spotify:track:3inelIwLFdJIBAfSMgvCCB,"The Gunman & the Priest","Cavern Spot","Uwe Felchle Project",2023-11-11,225047,0,false,lhecfot2d0dk35zz819282qni,2026-03-26T17:10:52Z,"","FUNKY MOOSE RECORDS",0.412,0.588,9,-10.249,0,0.0407,0.0281,0.0253,0.0947,0.088,94.964,4
spotify:track:67ItZoxqjWh3f4UYhj514I,"Never Blame the Pyromaniac","Cavern Spot","Uwe Felchle Project",2023-11-11,235764,0,false,lhecfot2d0dk35zz819282qni,2026-03-26T17:10:52Z,"","FUNKY MOOSE RECORDS",0.512,0.673,4,-7.308,0,0.0441,0.171,0.0105,0.104,0.774,169.989,4
spotify:track:7dmiYRZ9YIDuv7VYPZVC60,"Because of You!","Cavern Spot","Uwe Felchle Project",2023-11-11,147692,0,false,lhecfot2d0dk35zz819282qni,2026-03-26T17:10:52Z,"","FUNKY MOOSE RECORDS",0.606,0.712,0,-9.054,1,0.0332,0.386,0,0.07,0.467,103.974,4
spotify:track:58XKL2ho30M7AuFkDejRUB,"Living Just 4 You","Cavern Spot","Uwe Felchle Project",2023-11-11,211200,0,false,lhecfot2d0dk35zz819282qni,2026-03-26T17:10:52Z,"","FUNKY MOOSE RECORDS",0.501,0.521,9,-9.038,0,0.0258,0.0867,0.792,0.118,0.171,99.994,4
spotify:track:0o6sF4dMLkrUrSR6bqMRbx,"A Doggie’s Dream","Cavern Spot","Uwe Felchle Project",2023-11-11,225000,0,false,lhecfot2d0dk35zz819282qni,2026-03-26T17:10:52Z,"","FUNKY MOOSE RECORDS",0.468,0.525,9,-7.892,1,0.0259,0.0867,0,0.341,0.505,160.376,4
spotify:track:0BxSU5h0LIYnRhFJl82X8N,"One Road","Cavern Spot","Uwe Felchle Project",2023-11-11,254240,0,false,lhecfot2d0dk35zz819282qni,2026-03-26T17:10:52Z,"","FUNKY MOOSE RECORDS",0.668,0.521,7,-9.197,1,0.0373,0.527,0.00189,0.345,0.65,129.991,4
spotify:track:7FhZI7uM4XD3m54xkh9qjy,"Trace of Gloom","Cavern Spot","Uwe Felchle Project",2023-11-11,195000,0,false,lhecfot2d0dk35zz819282qni,2026-03-26T17:10:52Z,"","FUNKY MOOSE RECORDS",0.745,0.551,7,-8.495,1,0.0312,0.295,0.0000597,0.231,0.779,96.038,4
spotify:track:24VKbDSMCMxOXxiiVPi0nS,"Different Shoes","Cavern Spot","Uwe Felchle Project",2023-11-11,235275,0,false,lhecfot2d0dk35zz819282qni,2026-03-26T17:10:52Z,"","FUNKY MOOSE RECORDS",0.435,0.616,9,-7.791,1,0.0267,0.0228,0.0163,0.264,0.231,180.017,4
spotify:track:5PSRuX1qCLE5BP9UU2yE8M,"Birds","Birds","Uwe Felchle Project;Gianfranco Continenza",2023-10-23,257558,0,false,lhecfot2d0dk35zz819282qni,2026-03-26T17:10:54Z,"jazz fusion,jam band","FUNKY MOOSE RECORDS",0.568,0.817,0,-9.282,1,0.0399,0.324,0.874,0.123,0.564,180.024,3
spotify:track:5MjOKxYAPeW5pbqWo8I3jG,"Marvin","Marvin","Uwe Felchle Project",2023-07-11,181275,0,false,lhecfot2d0dk35zz819282qni,2026-03-26T17:10:56Z,"","FUNKY MOOSE RECORDS",0.698,0.775,1,-8.816,0,0.0435,0.00393,0.673,0.0833,0.429,96.012,4
spotify:track:6UU76HCqfZCCl9mOfgQake,"Bwoy - Radio Edit","Bwoy (Radio Edit)","Uwe Felchle Project",2023-05-11,227000,0,false,lhecfot2d0dk35zz819282qni,2026-03-26T17:10:58Z,"","FUNKY MOOSE RECORDS",0.832,0.639,4,-8.351,0,0.155,0.216,0.164,0.0867,0.859,90.013,4
spotify:track:00rGU3bHER3sWE85kz7c0a,"Silberstreif - Radio Edit","Silberstreif (Radio Edit)","Uwe Felchle Project",2023-04-14,216790,0,false,lhecfot2d0dk35zz819282qni,2026-03-26T17:11:00Z,"","FUNKY MOOSE RECORDS",0.685,0.68,4,-8.389,0,0.043,0.0306,0.000367,0.221,0.793,108.005,4
spotify:track:1KdZbgCKqPKMHTs34XwVnV,"Toledo-45","Toledo-45","Uwe Felchle Project",2023-04-11,192000,0,false,lhecfot2d0dk35zz819282qni,2026-03-26T17:11:02Z,"","FUNKY MOOSE RECORDS",0.677,0.692,4,-11.585,1,0.0422,0.0192,0.699,0.112,0.73,119.974,4
spotify:track:7EU7CgNpfbBOqA4ILUpvDo,"...for Jeff...","...for Jeff...","Uwe Felchle Project",2023-04-11,157009,0,false,lhecfot2d0dk35zz819282qni,2026-03-26T17:11:04Z,"","FUNKY MOOSE RECORDS",0.721,0.526,9,-10.144,0,0.0299,0.65,0.89,0.143,0.552,106.973,4
spotify:track:5GvNVtYfOrv7aDFH8FI2k4,"immer lieben","immer lieben","Uwe Felchle Project",2023-03-05,257006,0,false,lhecfot2d0dk35zz819282qni,2026-03-26T17:11:11Z,"","FUNKY MOOSE RECORDS",0.661,0.858,9,-6.161,0,0.0442,0.00153,0.53,0.15,0.16,126.998,4
spotify:track:6I1qypAIf4GXewTcj0FTXZ,"Buddy","Buddy","Uwe Felchle Project",2023-02-13,199285,0,false,lhecfot2d0dk35zz819282qni,2026-03-26T17:11:13Z,"","FUNKY MOOSE RECORDS",0.72,0.483,4,-13.507,0,0.0293,0.00734,0.00355,0.137,0.0777,112.019,4
spotify:track:35Ue8aZOEVV3jfmZVmZ7oM,"Christine","Christine","Uwe Felchle Project",2022-06-17,223828,0,false,lhecfot2d0dk35zz819282qni,2026-03-26T17:11:16Z,"","FUNKY MOOSE RECORDS",0.826,0.581,7,-6.369,1,0.0885,0.0449,0.403,0.08,0.927,100.009,4
spotify:track:3dwRlA7Rr51IUFtQk0W3rv,"Halbgott","Halbgott","Uwe Felchle Project",2022-02-25,208680,0,false,lhecfot2d0dk35zz819282qni,2026-03-26T17:11:18Z,"","FUNKY MOOSE RECORDS",0.577,0.796,0,-6.799,1,0.0364,0.0013,0.695,0.385,0.879,170.086,4
spotify:track:294KjELqjZBNczL8dmaTyg,"alive-dead","alive-dead","Uwe Felchle Project;Markus Carr",2022-02-03,182222,0,true,lhecfot2d0dk35zz819282qni,2026-03-26T17:11:20Z,"","FUNKY MOOSE RECORDS",0.687,0.395,7,-17.467,1,0.112,0.0321,0.0483,0.14,0.284,107.945,4
spotify:track:3OwgzsJR7crCBFV4cSJ2jj,"We all have our problems, baby","Re-injected","Uwe Felchle Project;Project Hustle",2022-02-03,221859,0,true,lhecfot2d0dk35zz819282qni,2026-03-26T17:11:21Z,"","FUNKY MOOSE RECORDS",0.792,0.584,0,-12.669,1,0.0478,0.103,0,0.339,0.531,128.006,4
spotify:track:0kWdIToy1TfX1Tcbi7cyDj,"gonna get it all","Re-injected","Uwe Felchle Project;Project Hustle",2022-02-03,232558,0,true,lhecfot2d0dk35zz819282qni,2026-03-26T17:11:21Z,"","FUNKY MOOSE RECORDS",0.787,0.448,11,-12.822,0,0.0516,0.0943,0.00307,0.0826,0.523,130.041,4
spotify:track:0dKZ4NdqTUJ365SyJ0iMdV,"Badmann","Re-injected","Uwe Felchle Project;Project Hustle",2022-02-03,204137,0,true,lhecfot2d0dk35zz819282qni,2026-03-26T17:11:21Z,"","FUNKY MOOSE RECORDS",0.737,0.349,1,-14.998,1,0.252,0.0154,0.0173,0.0621,0.614,174.03,4
spotify:track:4VFPZKWHXKh241Hp8T1SaY,"My life","Re-injected","Uwe Felchle Project;Project Hustle",2022-02-03,191395,0,true,lhecfot2d0dk35zz819282qni,2026-03-26T17:11:21Z,"","FUNKY MOOSE RECORDS",0.702,0.476,4,-13.396,0,0.118,0.147,0,0.452,0.893,87.024,4
spotify:track:3Hv9Vfphx6qJOZa8d9LesG,"Conquer the world","Re-injected","Uwe Felchle Project;Project Hustle",2022-02-03,269753,0,true,lhecfot2d0dk35zz819282qni,2026-03-26T17:11:21Z,"","FUNKY MOOSE RECORDS",0.782,0.593,9,-13.807,0,0.145,0.371,0.0028,0.246,0.788,128.031,4
spotify:track:4nPBuyzI5G4rsAY4X1P8AK,"I wanna","Re-injected","Uwe Felchle Project;Project Hustle",2022-02-03,233072,0,true,lhecfot2d0dk35zz819282qni,2026-03-26T17:11:21Z,"","FUNKY MOOSE RECORDS",0.477,0.556,6,-14.398,1,0.0845,0.0459,0.000361,0.458,0.445,98.917,4
spotify:track:30BscN0IMNC7GZYH9Ouw7x,"Pimpcup","Re-injected","Uwe Felchle Project;Project Hustle",2022-02-03,230971,0,true,lhecfot2d0dk35zz819282qni,2026-03-26T17:11:21Z,"","FUNKY MOOSE RECORDS",0.698,0.517,0,-11.978,1,0.359,0.088,0,0.6,0.412,102.946,4
spotify:track:3vA5Q2pSdrvjUkErbV4DTv,"in my dreams","Re-injected","Uwe Felchle Project;Project Hustle",2022-02-03,269781,0,true,lhecfot2d0dk35zz819282qni,2026-03-26T17:11:21Z,"","FUNKY MOOSE RECORDS",0.746,0.506,7,-14.416,1,0.158,0.243,0.000504,0.101,0.499,92.99,4
spotify:track:7Cpfr1jcpEPmnMkF7GaDYe,"Radiospective - Radio Edit","Radiospective (Radio Edit)","Uwe Felchle Project",2022-01-21,93840,0,false,lhecfot2d0dk35zz819282qni,2026-03-26T17:11:23Z,"","FUNKY MOOSE RECORDS",0.791,0.777,9,-4.658,0,0.0644,0.0596,0.684,0.1,0.761,109.991,4
spotify:track:0eDr5KhVO0byYmnmsM7hsR,"Dance - Radio Edit","Radiospective (Radio Edit)","Uwe Felchle Project",2022-01-21,219840,0,false,lhecfot2d0dk35zz819282qni,2026-03-26T17:11:23Z,"","FUNKY MOOSE RECORDS",0.707,0.764,6,-5.131,0,0.0428,0.0604,0.0000125,0.228,0.773,99.992,4
spotify:track:5PHqFHeXR8jqgybSdSCVjm,"Burning - Radio Edit","Radiospective (Radio Edit)","Uwe Felchle Project",2022-01-21,223943,0,false,lhecfot2d0dk35zz819282qni,2026-03-26T17:11:23Z,"","FUNKY MOOSE RECORDS",0.687,0.898,9,-5.512,0,0.0474,0.00334,0.000102,0.109,0.766,112.005,4
spotify:track:1zh0AjL0i3bxAFS1Uzbron,"Order me - Radio Edit","Radiospective (Radio Edit)","Uwe Felchle Project;Sven Stichter",2022-01-21,276600,0,false,lhecfot2d0dk35zz819282qni,2026-03-26T17:11:23Z,"","FUNKY MOOSE RECORDS",0.628,0.985,7,-4.603,0,0.0621,0.0108,0.0418,0.507,0.52,124.997,4
spotify:track:6aVM567Di49nVtFkMAZKxm,"Right Time - Radio Edit","Radiospective (Radio Edit)","Uwe Felchle Project",2022-01-21,219120,0,false,lhecfot2d0dk35zz819282qni,2026-03-26T17:11:23Z,"","FUNKY MOOSE RECORDS",0.649,0.88,2,-6.048,0,0.073,0.00816,0.00499,0.0626,0.762,120.029,4
spotify:track:0grdWSf7UOcNhuhRyLQ3b6,"Pick and choose - Radio Edit","Radiospective (Radio Edit)","Uwe Felchle Project;Hubert Tubbs",2022-01-21,188376,0,false,lhecfot2d0dk35zz819282qni,2026-03-26T17:11:23Z,"","FUNKY MOOSE RECORDS",0.65,0.986,2,-6.099,1,0.0479,0.00501,0.556,0.0549,0.831,115.964,4
spotify:track:3G63ydLVxgNI4mNfcCxm81,"Valerie - Radio Edit","Radiospective (Radio Edit)","Uwe Felchle Project;Kai Antonio Portelano",2022-01-21,188663,0,false,lhecfot2d0dk35zz819282qni,2026-03-26T17:11:23Z,"","FUNKY MOOSE RECORDS",0.649,0.782,0,-5.598,0,0.0263,0.019,0.564,0.347,0.333,111.989,4
spotify:track:0VEz7xw8aXSx9PqF5pWnMC,"Space Odyssey - Radio Edit","Radiospective (Radio Edit)","Uwe Felchle Project",2022-01-21,225576,0,false,lhecfot2d0dk35zz819282qni,2026-03-26T17:11:23Z,"","FUNKY MOOSE RECORDS",0.596,0.938,7,-5.263,0,0.0412,0.00343,0.084,0.584,0.804,117.974,4
spotify:track:7FYqBFWRDH8btpCfvDpxy2,"Discostar - Radio Edit","Radiospective (Radio Edit)","Uwe Felchle Project",2022-01-21,246983,0,false,lhecfot2d0dk35zz819282qni,2026-03-26T17:11:23Z,"","FUNKY MOOSE RECORDS",0.686,0.88,9,-6.027,0,0.0426,0.0654,0.00803,0.237,0.571,108.013,4
spotify:track:1tRkRmHmkn9ZelpFPEvM3J,"Freedom - Radio Edit","Radiospective (Radio Edit)","Uwe Felchle Project;Gidon Oechsner",2022-01-21,254736,0,false,lhecfot2d0dk35zz819282qni,2026-03-26T17:11:23Z,"","FUNKY MOOSE RECORDS",0.692,0.674,2,-7.605,1,0.0349,0.0929,0.302,0.0899,0.556,114.021,4
spotify:track:1n5y5mnieQliDOtwXmeubH,"Soulkeeper - Radio Edit","Radiospective (Radio Edit)","Uwe Felchle Project",2022-01-21,189480,0,false,lhecfot2d0dk35zz819282qni,2026-03-26T17:11:23Z,"","FUNKY MOOSE RECORDS",0.595,0.918,7,-6.279,1,0.0508,0.000249,0.0254,0.662,0.755,104.987,4
spotify:track:7Cpfr1jcpEPmnMkF7GaDYe,"Radiospective - Radio Edit","Radiospective (Radio Edit)","Uwe Felchle Project",2022-01-21,93840,0,false,lhecfot2d0dk35zz819282qni,2026-03-26T17:11:25Z,"","FUNKY MOOSE RECORDS",0.791,0.777,9,-4.658,0,0.0644,0.0596,0.684,0.1,0.761,109.991,4
spotify:track:0eDr5KhVO0byYmnmsM7hsR,"Dance - Radio Edit","Radiospective (Radio Edit)","Uwe Felchle Project",2022-01-21,219840,0,false,lhecfot2d0dk35zz819282qni,2026-03-26T17:11:25Z,"","FUNKY MOOSE RECORDS",0.707,0.764,6,-5.131,0,0.0428,0.0604,0.0000125,0.228,0.773,99.992,4
spotify:track:5PHqFHeXR8jqgybSdSCVjm,"Burning - Radio Edit","Radiospective (Radio Edit)","Uwe Felchle Project",2022-01-21,223943,0,false,lhecfot2d0dk35zz819282qni,2026-03-26T17:11:25Z,"","FUNKY MOOSE RECORDS",0.687,0.898,9,-5.512,0,0.0474,0.00334,0.000102,0.109,0.766,112.005,4
spotify:track:1zh0AjL0i3bxAFS1Uzbron,"Order me - Radio Edit","Radiospective (Radio Edit)","Uwe Felchle Project;Sven Stichter",2022-01-21,276600,0,false,lhecfot2d0dk35zz819282qni,2026-03-26T17:11:25Z,"","FUNKY MOOSE RECORDS",0.628,0.985,7,-4.603,0,0.0621,0.0108,0.0418,0.507,0.52,124.997,4
spotify:track:6aVM567Di49nVtFkMAZKxm,"Right Time - Radio Edit","Radiospective (Radio Edit)","Uwe Felchle Project",2022-01-21,219120,0,false,lhecfot2d0dk35zz819282qni,2026-03-26T17:11:25Z,"","FUNKY MOOSE RECORDS",0.649,0.88,2,-6.048,0,0.073,0.00816,0.00499,0.0626,0.762,120.029,4
spotify:track:0grdWSf7UOcNhuhRyLQ3b6,"Pick and choose - Radio Edit","Radiospective (Radio Edit)","Uwe Felchle Project;Hubert Tubbs",2022-01-21,188376,0,false,lhecfot2d0dk35zz819282qni,2026-03-26T17:11:25Z,"","FUNKY MOOSE RECORDS",0.65,0.986,2,-6.099,1,0.0479,0.00501,0.556,0.0549,0.831,115.964,4
spotify:track:3G63ydLVxgNI4mNfcCxm81,"Valerie - Radio Edit","Radiospective (Radio Edit)","Uwe Felchle Project;Kai Antonio Portelano",2022-01-21,188663,0,false,lhecfot2d0dk35zz819282qni,2026-03-26T17:11:25Z,"","FUNKY MOOSE RECORDS",0.649,0.782,0,-5.598,0,0.0263,0.019,0.564,0.347,0.333,111.989,4
spotify:track:0VEz7xw8aXSx9PqF5pWnMC,"Space Odyssey - Radio Edit","Radiospective (Radio Edit)","Uwe Felchle Project",2022-01-21,225576,0,false,lhecfot2d0dk35zz819282qni,2026-03-26T17:11:25Z,"","FUNKY MOOSE RECORDS",0.596,0.938,7,-5.263,0,0.0412,0.00343,0.084,0.584,0.804,117.974,4
spotify:track:7FYqBFWRDH8btpCfvDpxy2,"Discostar - Radio Edit","Radiospective (Radio Edit)","Uwe Felchle Project",2022-01-21,246983,0,false,lhecfot2d0dk35zz819282qni,2026-03-26T17:11:25Z,"","FUNKY MOOSE RECORDS",0.686,0.88,9,-6.027,0,0.0426,0.0654,0.00803,0.237,0.571,108.013,4
spotify:track:1tRkRmHmkn9ZelpFPEvM3J,"Freedom - Radio Edit","Radiospective (Radio Edit)","Uwe Felchle Project;Gidon Oechsner",2022-01-21,254736,0,false,lhecfot2d0dk35zz819282qni,2026-03-26T17:11:25Z,"","FUNKY MOOSE RECORDS",0.692,0.674,2,-7.605,1,0.0349,0.0929,0.302,0.0899,0.556,114.021,4
spotify:track:1n5y5mnieQliDOtwXmeubH,"Soulkeeper - Radio Edit","Radiospective (Radio Edit)","Uwe Felchle Project",2022-01-21,189480,0,false,lhecfot2d0dk35zz819282qni,2026-03-26T17:11:25Z,"","FUNKY MOOSE RECORDS",0.595,0.918,7,-6.279,1,0.0508,0.000249,0.0254,0.662,0.755,104.987,4
spotify:track:4Er9vC7GX8TqiQf7iFHaYe,"Green Funk","Green Funk (Remastered)","Uwe Felchle Project;Adam Holzman;Rainer Scheithauer",2022-01-21,270605,0,false,lhecfot2d0dk35zz819282qni,2026-03-26T17:11:29Z,"","FUNKY MOOSE RECORDS",0.602,0.913,5,-7.023,0,0.0566,0.033,0.00789,0.651,0.936,109.957,4
spotify:track:3XdSVMcW4mdhymeoXjoYGE,"Tyrone came back yesterday","Green Funk (Remastered)","Uwe Felchle Project",2022-01-21,233426,0,false,lhecfot2d0dk35zz819282qni,2026-03-26T17:11:29Z,"","FUNKY MOOSE RECORDS",0.667,0.624,0,-6.699,1,0.0919,0.0365,0.0317,0.128,0.702,186.021,4
spotify:track:1PV2AviyZWwhixPxbQZhSS,"Dean`s gone","Green Funk (Remastered)","Uwe Felchle Project;Dean Brown",2022-01-21,261293,0,false,lhecfot2d0dk35zz819282qni,2026-03-26T17:11:29Z,"","FUNKY MOOSE RECORDS",0.857,0.401,9,-9.269,0,0.045,0.524,0.764,0.103,0.522,120.006,4
spotify:track:1vXFqnrxYruPu7V5ynbmzV,"Change yourself","Green Funk (Remastered)","Uwe Felchle Project;Phunkyman Eaton",2022-01-21,221400,0,false,lhecfot2d0dk35zz819282qni,2026-03-26T17:11:29Z,"","FUNKY MOOSE RECORDS",0.695,0.843,2,-7.775,1,0.233,0.317,0.0000755,0.372,0.687,88.995,4
spotify:track:5N9WDPJVvbeNMZoKmRgTVa,"Colours fade to grey","Green Funk (Remastered)","Uwe Felchle Project",2022-01-21,223080,0,false,lhecfot2d0dk35zz819282qni,2026-03-26T17:11:29Z,"","FUNKY MOOSE RECORDS",0.475,0.566,9,-8.311,0,0.0416,0.473,0.0931,0.178,0.647,79.611,4
spotify:track:1Pr4iOA6EyFVb06zy4SWL4,"The Rockstar song","Green Funk (Remastered)","Uwe Felchle Project;Markus Carr",2022-01-21,216066,0,false,lhecfot2d0dk35zz819282qni,2026-03-26T17:11:29Z,"","FUNKY MOOSE RECORDS",0.771,0.964,9,-5.454,1,0.131,0.357,0.0000377,0.272,0.479,114.987,4
spotify:track:3vSwKlgLrhmue1b0EomlvH,"Westside Hotel Blues","Green Funk (Remastered)","Uwe Felchle Project",2022-01-21,263053,0,false,lhecfot2d0dk35zz819282qni,2026-03-26T17:11:29Z,"","FUNKY MOOSE RECORDS",0.706,0.346,4,-10.511,0,0.038,0.218,0.834,0.092,0.398,78.527,4
spotify:track:2L3xC2ut8hLJnXxRxirpJw,"What `Ya Doin Babey","Green Funk (Remastered)","Uwe Felchle Project;Hubert Tubbs",2022-01-21,317626,0,false,lhecfot2d0dk35zz819282qni,2026-03-26T17:11:29Z,"","FUNKY MOOSE RECORDS",0.792,0.771,0,-5.945,1,0.147,0.424,0.000134,0.112,0.679,135.025,4
spotify:track:1IjJsAGY9C0dPKrXp8N3Ii,"The streets of Vienna","Green Funk (Remastered)","Uwe Felchle Project",2022-01-21,253533,0,false,lhecfot2d0dk35zz819282qni,2026-03-26T17:11:29Z,"","FUNKY MOOSE RECORDS",0.729,0.869,8,-7.406,0,0.0396,0.0125,0.909,0.118,0.903,104.592,4
spotify:track:2s8jjrUqTNS51EmXtHdgrv,"Sick `n tired","Green Funk (Remastered)","Uwe Felchle Project;Blair Darby",2022-01-21,221026,0,false,lhecfot2d0dk35zz819282qni,2026-03-26T17:11:29Z,"","FUNKY MOOSE RECORDS",0.754,0.856,1,-7.508,1,0.0614,0.608,0.0183,0.551,0.516,120,4
spotify:track:3WaMqAGlQiPNzYmzCkuy8z,"Can you feel the funk","Green Funk (Remastered)","Uwe Felchle Project",2022-01-21,234133,0,false,lhecfot2d0dk35zz819282qni,2026-03-26T17:11:29Z,"","FUNKY MOOSE RECORDS",0.709,0.808,2,-5.366,1,0.0467,0.0454,0.134,0.332,0.876,84.994,4
spotify:track:0nRBm19xRhapT6sE2Twb03,"Bop do neva stop","Green Funk (Remastered)","Uwe Felchle Project",2022-01-21,281080,0,false,lhecfot2d0dk35zz819282qni,2026-03-26T17:11:29Z,"","FUNKY MOOSE RECORDS",0.797,0.837,11,-9.041,0,0.133,0.318,0.101,0.132,0.657,107.047,4
spotify:track:45U64mtFp5shn2j5OLOX0b,"Dahomies","Green Funk (Remastered)","Uwe Felchle Project;Tony Tone",2022-01-21,210586,0,false,lhecfot2d0dk35zz819282qni,2026-03-26T17:11:29Z,"","FUNKY MOOSE RECORDS",0.658,0.754,11,-5.939,0,0.1,0.1,0.007,0.841,0.854,85.968,4
spotify:track:6IebelAAtFGnghCmoTxl5Q,"Demoleschool","Green Funk (Remastered)","Uwe Felchle Project;Nikola Stanosevic",2022-01-21,184160,0,false,lhecfot2d0dk35zz819282qni,2026-03-26T17:11:29Z,"","FUNKY MOOSE RECORDS",0.781,0.703,2,-6.807,1,0.0822,0.043,0.849,0.0855,0.16,94.486,4
spotify:track:3fiQdZhR7hmnNy0mbKCyYp,"Eleven","Eleven","Uwe Felchle Project",2022-01-08,288564,0,false,lhecfot2d0dk35zz819282qni,2026-03-26T17:11:32Z,"","FUNKY MOOSE RECORDS",0.839,0.538,8,-12.883,1,0.338,0.241,0.0812,0.0829,0.558,134.999,4
spotify:track:0va7yQDYMELC93kM50Jz3L,"Baghdad Caddesi","Baghdad Caddesi","Uwe Felchle Project;Sven Stichter;Mic Oechsner;Berfin",2022-01-08,243766,0,false,lhecfot2d0dk35zz819282qni,2026-03-26T17:11:34Z,"","FUNKY MOOSE RECORDS",0.615,0.864,10,-6.011,0,0.0362,0.49,0.829,0.339,0.374,119.977,4
spotify:track:0pp06JWt83J94KnxVIeQap,"What?","What?","Uwe Felchle Project",2022-01-07,163018,0,false,lhecfot2d0dk35zz819282qni,2026-03-26T17:11:35Z,"","FUNKY MOOSE RECORDS",0.79,0.486,0,-10.397,1,0.0542,0.00042,0.776,0.0975,0.346,106.004,4
spotify:track:4nWgoTgaNx7gWIXcQY5WTM,"Unknown female rapper","Unknown female rapper","Uwe Felchle Project",2022-01-03,209476,0,true,lhecfot2d0dk35zz819282qni,2026-03-26T17:11:38Z,"","FUNKY MOOSE RECORDS",0.786,0.894,2,-4.946,1,0.139,0.0161,0,0.0612,0.598,106.886,4
spotify:track:40aFvCKMDNCDxOSoe96NAy,"This coul be a fatal decision","This coul be a fatal decision","Uwe Felchle Project",2022-01-03,233740,0,false,lhecfot2d0dk35zz819282qni,2026-03-26T17:11:41Z,"","FUNKY MOOSE RECORDS",0.747,0.729,6,-8.752,0,0.0404,0.0872,0.693,0.119,0.496,114.991,4
spotify:track:1JJ85rHc5QD6nj5d6Qo7D5,"Mrs. Pringles fall","Mrs. Pringles fall","Uwe Felchle Project",2022-01-02,191492,0,false,lhecfot2d0dk35zz819282qni,2026-03-26T17:11:43Z,"","FUNKY MOOSE RECORDS",0.566,0.52,4,-8.027,0,0.0436,0.441,0.466,0.167,0.0789,119.792,4
spotify:track:1JJ85rHc5QD6nj5d6Qo7D5,"Mrs. Pringles fall","Mrs. Pringles fall","Uwe Felchle Project",2022-01-02,191492,0,false,lhecfot2d0dk35zz819282qni,2026-03-26T17:11:47Z,"","FUNKY MOOSE RECORDS",0.566,0.52,4,-8.027,0,0.0436,0.441,0.466,0.167,0.0789,119.792,4
spotify:track:1ZfwuuUop02g8fbjSLIaT1,"Hairgrease","Hairgrease","Uwe Felchle Project",2022-01-02,229759,0,false,lhecfot2d0dk35zz819282qni,2026-03-26T17:11:50Z,"","FUNKY MOOSE RECORDS",0.813,0.8,9,-7.655,1,0.0579,0.0676,0.79,0.0659,0.962,100.989,4
spotify:track:2HyyRXhnCK9xZFemIi0Kwb,"Ray of light","Ray of light","Uwe Felchle Project",2022-01-01,260868,0,false,lhecfot2d0dk35zz819282qni,2026-03-26T17:11:52Z,"","FUNKY MOOSE RECORDS",0.775,0.798,4,-7.388,0,0.077,0.207,0.439,0.121,0.75,92.015,4
spotify:track:7ysPih6HPdkXZOlAPjjY1G,"Taksim-Taksim","Taksim-Taksim","Uwe Felchle Project",2021-12-31,243657,0,false,lhecfot2d0dk35zz819282qni,2026-03-26T17:11:54Z,"","FUNKY MOOSE RECORDS",0.625,0.836,0,-7.445,1,0.0386,0.0994,0.88,0.0974,0.504,104.971,4
spotify:track:3wsm4U7zaEM88Ln1kW9YGV,"Paris Slight Side-or (Stay away from trouble)","Paris Slight Side-or (Stay away from trouble)","Uwe Felchle Project",2021-12-31,137624,0,false,lhecfot2d0dk35zz819282qni,2026-03-26T17:11:58Z,"","FUNKY MOOSE RECORDS",0.694,0.476,2,-10.96,1,0.0398,0.196,0.632,0.131,0.195,100.039,4
spotify:track:4c6o9IC9hdZGNQFId6X1ZG,"Soul-Wash 45","Soul-Wash 45","Uwe Felchle Project",2021-12-30,216048,0,false,lhecfot2d0dk35zz819282qni,2026-03-26T17:12:00Z,"","FUNKY MOOSE RECORDS",0.784,0.717,4,-10.349,0,0.0461,0.00527,0.723,0.0662,0.32,120.019,4
spotify:track:4g6nEYQqgVMhgkjxogATae,"Funkypasta-basta","Funkypasta-basta","Uwe Felchle Project",2021-12-30,230945,0,false,lhecfot2d0dk35zz819282qni,2026-03-26T17:12:02Z,"","FUNKY MOOSE RECORDS",0.747,0.514,11,-12.646,1,0.0366,0.00355,0.795,0.0764,0.693,95.983,4
spotify:track:4MA3m4do8mAUiErv5AKDlY,"Brief","Brief","Uwe Felchle Project",2021-12-30,233600,0,false,lhecfot2d0dk35zz819282qni,2026-03-26T17:12:04Z,"","FUNKY MOOSE RECORDS",0.71,0.567,1,-16.046,1,0.169,0.0508,0.602,0.105,0.782,75.01,4
spotify:track:0pFfHQ6EpdqESyWKVJKjj6,"Kuhäugige Anna","Kuhäugige Anna","Uwe Felchle Project",2021-12-29,231604,0,false,lhecfot2d0dk35zz819282qni,2026-03-26T17:12:07Z,"","FUNKY MOOSE RECORDS",0.729,0.495,9,-13.083,1,0.358,0.256,0.0000085,0.146,0.849,165.065,4
spotify:track:7JguHUOmH2kQXNcpQTwORq,"Basscinations","Basscinations","Uwe Felchle Project",2021-12-29,232427,0,false,lhecfot2d0dk35zz819282qni,2026-03-26T17:12:13Z,"","FUNKY MOOSE RECORDS",0.738,0.615,9,-9.028,0,0.06,0.627,0.386,0.105,0.476,109.983,4
spotify:track:2VfxJ85JejyGbtST7xKuRK,"Take my hand","Take my hand","Uwe Felchle Project",2021-12-28,188041,0,false,lhecfot2d0dk35zz819282qni,2026-03-26T17:12:16Z,"","FUNKY MOOSE RECORDS",0.731,0.722,4,-9.045,0,0.05,0.0506,0.862,0.127,0.827,96.992,4
spotify:track:493WpAylULXfiMMODYtY0G,"Sweet Meryem","Sweet Meryem","Uwe Felchle Project;Hubert Tubbs;Lyrix;Dreista;SHABAROTTI",2021-12-28,212215,0,true,lhecfot2d0dk35zz819282qni,2026-03-26T17:12:18Z,"","FUNKY MOOSE RECORDS",0.685,0.552,7,-11.585,1,0.175,0.0265,0,0.281,0.38,94.987,4
spotify:track:2EFd0YGNoaPcil8dwJNXYM,"Glückspirat","Der Glückspirat","Uwe Felchle Project",2021-12-28,193493,0,false,lhecfot2d0dk35zz819282qni,2026-03-26T17:12:22Z,"","FUNKY MOOSE RECORDS",0.726,0.253,7,-12.457,1,0.169,0.724,0.0023,0.109,0.444,79.949,4
spotify:track:51EUJxMPWOcf7XjoAfYC6V,"Fragezeichen","Der Glückspirat","Uwe Felchle Project",2021-12-28,150857,0,false,lhecfot2d0dk35zz819282qni,2026-03-26T17:12:22Z,"","FUNKY MOOSE RECORDS",0.73,0.237,0,-13.454,1,0.0379,0.891,0.0298,0.111,0.228,139.69,4
spotify:track:2kJ1eL9dGJNPI6LPCgpc5A,"Train to Istanbul","Train to Istanbul","Uwe Felchle Project;Umut Akar",2021-12-27,312176,0,false,lhecfot2d0dk35zz819282qni,2026-03-26T17:12:24Z,"","FUNKY MOOSE RECORDS",0.502,0.51,9,-8.989,0,0.0354,0.543,0.911,0.112,0.221,166.049,4
spotify:track:338c7CAiTqDm4UWV2t4yzi,"I know u want me","I know u want me","Uwe Felchle Project",2021-12-27,332905,0,false,lhecfot2d0dk35zz819282qni,2026-03-26T17:12:27Z,"","FUNKY MOOSE RECORDS",0.62,0.812,10,-7.686,0,0.0335,0.00101,0.0553,0.0555,0.866,102.009,4
spotify:track:4uc0grISuPeLZo1Kgw092O,"Asli`s running","Asli`s running","Uwe Felchle Project",2021-12-27,241234,0,false,lhecfot2d0dk35zz819282qni,2026-03-26T17:12:29Z,"","FUNKY MOOSE RECORDS",0.646,0.886,4,-6.508,0,0.0628,0.0142,0.732,0.0537,0.843,100.007,4
spotify:track:4uc0grISuPeLZo1Kgw092O,"Asli`s running","Asli`s running","Uwe Felchle Project",2021-12-27,241234,0,false,lhecfot2d0dk35zz819282qni,2026-03-26T17:12:31Z,"","FUNKY MOOSE RECORDS",0.646,0.886,4,-6.508,0,0.0628,0.0142,0.732,0.0537,0.843,100.007,4
spotify:track:60THJLwAptqmkMNTQkBFyX,"Wait-`til the FUNK gets it`s hands on you!","Wait-`til the FUNK gets it`s hands on you!","Uwe Felchle Project;Hubert Tubbs",2021-12-26,240954,0,false,lhecfot2d0dk35zz819282qni,2026-03-26T17:12:33Z,"","FUNKY MOOSE RECORDS",0.594,0.879,11,-7.603,0,0.14,0.00335,0.0018,0.339,0.823,176.044,4
spotify:track:3yfukLFSCa5g1XhRlmntpQ,"Room with a mountain View","Room with a mountain View","Uwe Felchle Project",2021-12-26,188720,0,false,lhecfot2d0dk35zz819282qni,2026-03-26T17:12:35Z,"","FUNKY MOOSE RECORDS",0.303,0.511,9,-11.569,0,0.0308,0.012,0.84,0.0788,0.175,85.244,5
spotify:track:6Q49czjVzps3BDGdircQ7D,"Frames","Frames","Uwe Felchle Project;Gianfranco Continenza",2021-12-26,195555,0,false,lhecfot2d0dk35zz819282qni,2026-03-26T17:12:38Z,"jazz fusion,jam band","FUNKY MOOSE RECORDS",0.677,0.657,7,-8.258,1,0.0436,0.00752,0.799,0.137,0.693,108.042,4
spotify:track:6WAvdz7sHAWQzfYziMfRvv,"Massadaba !!","Massadaba !!","Uwe Felchle Project",2021-12-25,284000,0,false,lhecfot2d0dk35zz819282qni,2026-03-26T17:12:40Z,"","FUNKY MOOSE RECORDS",0.738,0.721,0,-7.802,1,0.117,0.293,0.27,0.0959,0.871,149.955,4
spotify:track:2DBrceIbPclTxso2ipBirD,"in this place","in this place","Uwe Felchle Project",2021-12-24,221724,0,false,lhecfot2d0dk35zz819282qni,2026-03-26T17:12:42Z,"","FUNKY MOOSE RECORDS",0.565,0.438,5,-11.829,1,0.0336,0.208,0.00102,0.1,0.46,81.966,3
spotify:track:6TcgplbzdYrXGLGREtjo3Y,"Autumn Bliss","Autumn Bliss","Uwe Felchle Project",2021-12-24,393070,0,false,lhecfot2d0dk35zz819282qni,2026-03-26T17:12:44Z,"","FUNKY MOOSE RECORDS",0.616,0.794,0,-9.912,1,0.0345,0.592,0.902,0.0989,0.463,127.026,4
spotify:track:6TcgplbzdYrXGLGREtjo3Y,"Autumn Bliss","Autumn Bliss","Uwe Felchle Project",2021-12-24,393070,0,false,lhecfot2d0dk35zz819282qni,2026-03-26T17:12:47Z,"","FUNKY MOOSE RECORDS",0.616,0.794,0,-9.912,1,0.0345,0.592,0.902,0.0989,0.463,127.026,4
spotify:track:44VuY6CD4rUnkrhntf4Gja,"Two Hearts","Two Hearts","Uwe Felchle Project",2021-12-23,241287,0,false,lhecfot2d0dk35zz819282qni,2026-03-26T17:13:25Z,"","FUNKY MOOSE RECORDS",0.753,0.813,5,-4.703,1,0.0338,0.0895,0,0.431,0.785,103.024,4
spotify:track:1Fc2upkVcjr2bqF6kDwOE9,"I know you","I know you","Uwe Felchle Project",2021-12-23,210228,0,false,lhecfot2d0dk35zz819282qni,2026-03-26T17:13:27Z,"","FUNKY MOOSE RECORDS",0.727,0.769,9,-11.009,0,0.038,0.0331,0.875,0.154,0.721,92.038,4
spotify:track:0CvMMe3k241ZNOVvK4lhc1,"Djinji Tree","Djinji Tree","Uwe Felchle Project",2021-12-23,281494,0,false,lhecfot2d0dk35zz819282qni,2026-03-26T17:13:30Z,"","FUNKY MOOSE RECORDS",0.757,0.547,7,-12.269,1,0.0577,0.00987,0.94,0.0711,0.51,133.001,4
spotify:track:22Qa3Terup2XHRO6NIpvPP,"Aha","Aha","Uwe Felchle Project",2021-12-23,321515,0,false,lhecfot2d0dk35zz819282qni,2026-03-26T17:13:34Z,"","FUNKY MOOSE RECORDS",0.779,0.468,11,-15.946,1,0.102,0.133,0.857,0.079,0.6,109.007,4
spotify:track:4xRDrYOgYUPee1FqzNGni4,"Walk on","Walk on","Uwe Felchle Project;Hubert Tubbs",2021-12-22,226905,0,false,lhecfot2d0dk35zz819282qni,2026-03-26T17:13:36Z,"","FUNKY MOOSE RECORDS",0.734,0.867,2,-4.409,1,0.0305,0.0134,0.00189,0.0703,0.68,120.081,4
spotify:track:3Fj1rGzF5Pi6ZBDcQlG2mX,"Assos","Assos","Uwe Felchle Project",2021-12-22,243696,0,false,lhecfot2d0dk35zz819282qni,2026-03-26T17:13:37Z,"","FUNKY MOOSE RECORDS",0.677,0.834,6,-7.31,0,0.0627,0.219,0.46,0.18,0.46,94.989,4
spotify:track:3yrWHG5r32ryW9LUQeALGp,"into the night","into the night","Uwe Felchle Project",2021-12-21,224805,0,false,lhecfot2d0dk35zz819282qni,2026-03-26T17:13:39Z,"","FUNKY MOOSE RECORDS",0.603,0.588,9,-12.088,0,0.0385,0.192,0.357,0.1,0.372,119.995,4
spotify:track:2qQzVT0ZG0PcaaCJKjWZOc,"some will-some don`t ...","some will-some don`t ...","Uwe Felchle Project",2021-12-20,228571,0,false,lhecfot2d0dk35zz819282qni,2026-03-26T17:13:40Z,"","FUNKY MOOSE RECORDS",0.724,0.288,4,-13.269,0,0.0573,0.649,0.821,0.074,0.706,63.008,4
spotify:track:0MVGcEsS9ga1Vay5PbcDSu,"Fuego","Fuego","Uwe Felchle Project",2021-12-20,251568,0,false,lhecfot2d0dk35zz819282qni,2026-03-26T17:13:42Z,"","FUNKY MOOSE RECORDS",0.788,0.909,10,-5.363,0,0.0566,0.0763,0.617,0.062,0.634,124.963,4
spotify:track:7nQ1WpcbjLNWd9ac6AAPq3,"Which way? ...","Which way? ...","Uwe Felchle Project",2021-12-19,154814,0,true,lhecfot2d0dk35zz819282qni,2026-03-26T17:13:45Z,"","FUNKY MOOSE RECORDS",0.627,0.488,9,-13.684,0,0.0685,0.072,0.865,0.195,0.496,162.044,4
spotify:track:1qpBKwKnXyB4Bac3YfOOrp,"on and on","on and on","Uwe Felchle Project",2021-12-18,261816,0,false,lhecfot2d0dk35zz819282qni,2026-03-26T17:13:47Z,"","FUNKY MOOSE RECORDS",0.628,0.719,0,-9.774,0,0.039,0.0394,0.0106,0.143,0.893,83.049,4
spotify:track:3BlbrBH5sAOtWiMHzLFdrR,"may I, Sir","may I, Sir","Uwe Felchle Project",2021-12-18,192000,0,false,lhecfot2d0dk35zz819282qni,2026-03-26T17:13:49Z,"","FUNKY MOOSE RECORDS",0.776,0.563,9,-10.801,0,0.0316,0.0596,0.597,0.106,0.837,110.015,4
spotify:track:756gCEggvqMRmH4WmSVT2L,"Case 11b","Case 11b","Uwe Felchle Project",2021-12-17,123057,0,false,lhecfot2d0dk35zz819282qni,2026-03-26T17:13:51Z,"","FUNKY MOOSE RECORDS",0.868,0.791,7,-10.57,1,0.0461,0.479,0.141,0.0899,0.942,119.979,4
spotify:track:0Ut5e4I0ay7CmYZadfeyqV,"Alicia`s Dream","Alicia`s Dream","Uwe Felchle Project",2021-12-17,172801,0,false,lhecfot2d0dk35zz819282qni,2026-03-26T17:13:53Z,"","FUNKY MOOSE RECORDS",0.774,0.559,9,-9.781,0,0.0589,0.0017,0.829,0.0603,0.826,100.011,4
spotify:track:3nt11frQ6EX4mjijlbTinX,"me `n my upright bass","me `n my upright bass","Uwe Felchle Project",2021-12-16,70112,0,false,lhecfot2d0dk35zz819282qni,2026-03-26T17:13:55Z,"","FUNKY MOOSE RECORDS",0.867,0.325,8,-10.93,1,0.119,0.179,0.48,0.158,0.785,88.971,4
spotify:track:2WbIWUpvztFdnF6HPGuqHp,"Charles Mc Graw - Radio Edit","Villa Tapes","Uwe Felchle Project;Andre Dee",2021-12-16,217358,0,true,lhecfot2d0dk35zz819282qni,2026-03-26T17:13:57Z,"","FUNKY MOOSE RECORDS",0.73,0.733,7,-10.911,0,0.149,0.0767,0.0000368,0.165,0.944,170.052,4
spotify:track:6keIDyknsUaTw3aOqRl9Qr,"Say you`re thinking of me","Villa Tapes","Uwe Felchle Project;Andre Dee",2021-12-16,204270,0,true,lhecfot2d0dk35zz819282qni,2026-03-26T17:13:57Z,"","FUNKY MOOSE RECORDS",0.806,0.411,2,-17.435,1,0.0835,0.0329,0.0145,0.081,0.541,100.02,4
spotify:track:45KRtrE8xoTxmbolxTe3Ed,"Chasin`a Rock","Villa Tapes","Uwe Felchle Project;Andre Dee",2021-12-16,201039,0,true,lhecfot2d0dk35zz819282qni,2026-03-26T17:13:57Z,"","FUNKY MOOSE RECORDS",0.919,0.509,2,-14.709,1,0.06,0.0459,0.0000802,0.0377,0.962,98.06,4
spotify:track:2WbIWUpvztFdnF6HPGuqHp,"Charles Mc Graw - Radio Edit","Villa Tapes","Uwe Felchle Project;Andre Dee",2021-12-16,217358,0,true,lhecfot2d0dk35zz819282qni,2026-03-26T17:13:59Z,"","FUNKY MOOSE RECORDS",0.73,0.733,7,-10.911,0,0.149,0.0767,0.0000368,0.165,0.944,170.052,4
spotify:track:6keIDyknsUaTw3aOqRl9Qr,"Say you`re thinking of me","Villa Tapes","Uwe Felchle Project;Andre Dee",2021-12-16,204270,0,true,lhecfot2d0dk35zz819282qni,2026-03-26T17:13:59Z,"","FUNKY MOOSE RECORDS",0.806,0.411,2,-17.435,1,0.0835,0.0329,0.0145,0.081,0.541,100.02,4
spotify:track:45KRtrE8xoTxmbolxTe3Ed,"Chasin`a Rock","Villa Tapes","Uwe Felchle Project;Andre Dee",2021-12-16,201039,0,true,lhecfot2d0dk35zz819282qni,2026-03-26T17:13:59Z,"","FUNKY MOOSE RECORDS",0.919,0.509,2,-14.709,1,0.06,0.0459,0.0000802,0.0377,0.962,98.06,4
spotify:track:2nUGQdyEZXRDTBGsdm5C23,"Time to activate","Time to activate","Uwe Felchle Project",2021-12-15,240053,0,false,lhecfot2d0dk35zz819282qni,2026-03-26T17:14:01Z,"","FUNKY MOOSE RECORDS",0.712,0.567,5,-13.25,1,0.13,0.0378,0.84,0.0832,0.169,123.934,4
spotify:track:573uieaCTjwm7Hu5GmJeVE,"The Chase of Dr. Pink","The Chase of Dr. Pink","Uwe Felchle Project",2021-12-15,242285,0,false,lhecfot2d0dk35zz819282qni,2026-03-26T17:14:03Z,"","FUNKY MOOSE RECORDS",0.778,0.616,1,-9.105,1,0.0508,0.00728,0.878,0.102,0.611,104.983,4
spotify:track:1MXk6nSfIP9S3VXd0Fp57h,"SeaView","SeaView","Uwe Felchle Project",2021-12-15,94343,0,false,lhecfot2d0dk35zz819282qni,2026-03-26T17:14:05Z,"","FUNKY MOOSE RECORDS",0.621,0.0161,9,-30.944,1,0.0429,0.92,0.944,0.105,0.269,104.62,3
spotify:track:0DApO0b5KDZcxMJE24Sz91,"Phase 5","Phase 5","Uwe Felchle Project",2021-12-15,265896,0,false,lhecfot2d0dk35zz819282qni,2026-03-26T17:14:06Z,"","FUNKY MOOSE RECORDS",0.814,0.182,9,-20.761,0,0.101,0.0287,0.852,0.0885,0.485,130.078,4
spotify:track:06YaO9BmdxxvF577POBUsB,"Mehr von Dir","Mehr von Dir","Uwe Felchle Project;Chriss",2021-12-15,206410,0,false,lhecfot2d0dk35zz819282qni,2026-03-26T17:14:09Z,"italo disco,disco","FUNKY MOOSE RECORDS",0.676,0.62,11,-10.454,0,0.0364,0.0563,0.111,0.487,0.499,100.016,4
spotify:track:25wJD81QwDzbgUnyMVfuw3,"Lipstick loving Robot","Lipstick loving Robot","Uwe Felchle Project",2021-12-15,264406,0,false,lhecfot2d0dk35zz819282qni,2026-03-26T17:14:10Z,"","FUNKY MOOSE RECORDS",0.742,0.848,7,-7.282,1,0.0397,0.0528,0.873,0.127,0.608,118.008,4
spotify:track:2clgNmmdzeudy2XpfVXRDM,"Summertime","Summertime","Uwe Felchle Project",2021-12-14,206007,0,false,lhecfot2d0dk35zz819282qni,2026-03-26T17:14:13Z,"","FUNKY MOOSE RECORDS",0.82,0.783,8,-2.945,0,0.0773,0.205,0.581,0.283,0.94,96.034,4
spotify:track:2xgWOaZtpfqugA5AvWV8PP,"in another time","in another time","Uwe Felchle Project",2021-12-13,224828,0,false,lhecfot2d0dk35zz819282qni,2026-03-26T17:14:15Z,"","FUNKY MOOSE RECORDS",0.694,0.653,7,-9.878,1,0.0405,0.0126,0.00133,0.0639,0.789,129.997,4
spotify:track:2IY0HNOolMynmNJighIagy,"Yippieyayayyy","Yippieyayayyy","Uwe Felchle Project",2021-12-12,232384,0,false,lhecfot2d0dk35zz819282qni,2026-03-26T17:14:17Z,"","FUNKY MOOSE RECORDS",0.64,0.843,9,-6.216,1,0.221,0.0779,0.00000277,0.136,0.65,126.02,4
spotify:track:3QkmoMKXepyPS4JyaXnCYE,"Unknown Force","Unknown Force","Uwe Felchle Project",2021-12-11,160000,0,false,lhecfot2d0dk35zz819282qni,2026-03-26T17:14:19Z,"","FUNKY MOOSE RECORDS",0.536,0.381,9,-9.585,0,0.0293,0.484,0.176,0.39,0.174,119.888,4
spotify:track:2XK7ZkETiIL0SPlmjYabR1,"In and Out","In and Out","Uwe Felchle Project",2021-12-11,415200,0,false,lhecfot2d0dk35zz819282qni,2026-03-26T17:14:21Z,"","FUNKY MOOSE RECORDS",0.788,0.523,7,-12.584,1,0.0808,0.2,0.838,0.102,0.167,111.013,4
spotify:track:4VtfatqME2IOJ8SRy1NqJB,"Trippin`on Champagne Mix","Keep trippin`on","Uwe Felchle Project",2021-12-10,376919,0,false,lhecfot2d0dk35zz819282qni,2026-03-26T17:14:23Z,"","FUNKY MOOSE RECORDS",0.712,0.913,11,-8.517,0,0.0986,0.151,0.0376,0.137,0.272,122.973,4
spotify:track:1Ar4SsJI9UW2hVmPlFvz6H,"Trippin`on Floor Mix","Keep trippin`on","Uwe Felchle Project",2021-12-10,242754,0,false,lhecfot2d0dk35zz819282qni,2026-03-26T17:14:23Z,"","FUNKY MOOSE RECORDS",0.79,0.724,11,-9.108,0,0.0832,0.0615,0.00238,0.123,0.751,121.026,4
spotify:track:6yjDNaeTVy36yIHvKbydy2,"Trippin`on Electro Mix","Keep trippin`on","Uwe Felchle Project",2021-12-10,233925,0,false,lhecfot2d0dk35zz819282qni,2026-03-26T17:14:23Z,"","FUNKY MOOSE RECORDS",0.691,0.853,6,-9.686,0,0.0469,0.377,0.0198,0.147,0.665,120.593,4
spotify:track:6xwazFTlPLLJHAWNCH4Mk3,"Die ganze Nacht, Baby","Die ganze Nacht, Baby","Uwe Felchle Project",2021-12-10,153401,0,false,lhecfot2d0dk35zz819282qni,2026-03-26T17:14:25Z,"","FUNKY MOOSE RECORDS",0.57,0.561,9,-9.323,0,0.126,0.0354,0.00000147,0.148,0.559,111.882,3
spotify:track:2oB9f2VlgcJphDE03sN5HC,"Ride my pony!","Ride my pony!","Uwe Felchle Project",2021-12-09,126383,0,false,lhecfot2d0dk35zz819282qni,2026-03-26T17:14:27Z,"","FUNKY MOOSE RECORDS",0.749,0.944,7,-4.668,0,0.0394,0.0816,0.273,0.069,0.969,134.918,4
spotify:track:5U95vRS5yFknxjzbayDiSp,"No feelin `s","No feelin `s","Uwe Felchle Project",2021-12-09,238758,0,false,lhecfot2d0dk35zz819282qni,2026-03-26T17:14:30Z,"","FUNKY MOOSE RECORDS",0.662,0.748,0,-11.12,1,0.207,0.00421,0.000107,0.111,0.746,96.969,4
spotify:track:4lCZnbfBm8sPCdyouqQ1yz,"Andromeda","Hal `s Dreams","Uwe Felchle Project",2021-12-09,161632,0,false,lhecfot2d0dk35zz819282qni,2026-03-26T17:14:33Z,"","FUNKY MOOSE RECORDS",0.416,0.212,4,-22.264,1,0.0653,0.607,0.886,0.089,0.156,196.025,3
spotify:track:52WT1mAkon4Pc4lEhv4ldZ,"Sunwind","Hal `s Dreams","Uwe Felchle Project",2021-12-09,142608,0,false,lhecfot2d0dk35zz819282qni,2026-03-26T17:14:33Z,"","FUNKY MOOSE RECORDS",0.332,0.162,11,-21.828,1,0.0359,0.00161,0.792,0.149,0.0715,138.087,4
spotify:track:3H8SesleDyFdLremgZdmd4,"I wished, I `d have a heart","Hal `s Dreams","Uwe Felchle Project",2021-12-09,224000,0,false,lhecfot2d0dk35zz819282qni,2026-03-26T17:14:33Z,"","FUNKY MOOSE RECORDS",0.676,0.106,0,-27.21,0,0.0338,0.82,0.93,0.1,0.489,119.971,4
spotify:track:0zK6oiAvuy0gftdfa0qjrf,"Glow","Hal `s Dreams","Uwe Felchle Project",2021-12-09,175199,0,false,lhecfot2d0dk35zz819282qni,2026-03-26T17:14:33Z,"","FUNKY MOOSE RECORDS",0.341,0.0555,4,-34.622,0,0.0398,0.664,0.862,0.112,0.0332,199.849,4
spotify:track:3UFLyYYzvSPYa64nwH3Kaa,"Lightspeed","Hal `s Dreams","Uwe Felchle Project",2021-12-09,269538,0,false,lhecfot2d0dk35zz819282qni,2026-03-26T17:14:33Z,"","FUNKY MOOSE RECORDS",0.507,0.313,10,-26.19,1,0.035,0.887,0.975,0.365,0.584,130.014,4
spotify:track:1aNIQliYUJq3zZoNO5aDWe,"lonely","Hal `s Dreams","Uwe Felchle Project",2021-12-09,290232,0,false,lhecfot2d0dk35zz819282qni,2026-03-26T17:14:33Z,"","FUNKY MOOSE RECORDS",0.601,0.127,1,-37.902,1,0.0428,0.865,0.921,0.103,0.19,172.066,4
spotify:track:33QkVNsOlygosnHwiZeKKZ,"Arriving","Hal `s Dreams","Uwe Felchle Project",2021-12-09,103728,0,false,lhecfot2d0dk35zz819282qni,2026-03-26T17:14:33Z,"","FUNKY MOOSE RECORDS",0.264,0.0866,4,-35.952,0,0.048,0.603,0.935,0.103,0.25,117.916,4
spotify:track:0wjMvNlJayEr3Fo5AuclFs,"Gotas de armor","Gotas de armor","Uwe Felchle Project",2021-12-09,375405,0,false,lhecfot2d0dk35zz819282qni,2026-03-26T17:14:35Z,"","FUNKY MOOSE RECORDS",0.577,0.846,5,-13.608,0,0.0429,0.00145,0.737,0.0896,0.342,142.136,4
spotify:track:14ojpG9nTQ4dkXyGY8ywOT,"...had to kill a man","...had to kill a man","Uwe Felchle Project",2021-12-09,224571,0,false,lhecfot2d0dk35zz819282qni,2026-03-26T17:14:37Z,"","FUNKY MOOSE RECORDS",0.682,0.437,6,-13.183,0,0.0776,0.00279,0.345,0.272,0.736,139.984,4
spotify:track:05a8fYK6fD66nzmFUBW9sf,"Money","Money","Uwe Felchle Project",2021-12-08,217541,0,false,lhecfot2d0dk35zz819282qni,2026-03-26T17:14:38Z,"","FUNKY MOOSE RECORDS",0.683,0.748,0,-8.239,1,0.0412,0.0575,0,0.38,0.868,98.474,4
spotify:track:5tfyhf061vX9FfIY3SB3DL,"Feel the beat","Feel the beat","Uwe Felchle Project",2021-12-08,223203,0,false,lhecfot2d0dk35zz819282qni,2026-03-26T17:14:40Z,"","FUNKY MOOSE RECORDS",0.665,0.67,5,-8.149,0,0.115,0.118,0.00433,0.235,0.715,161.863,4
spotify:track:5nZF6wx5OkP5rbonct1yQW,"Bang Bang","Bang Bang","Uwe Felchle Project",2021-12-08,219104,0,false,lhecfot2d0dk35zz819282qni,2026-03-26T17:14:41Z,"","FUNKY MOOSE RECORDS",0.525,0.466,9,-10.899,1,0.0267,0.00268,0.795,0.194,0.645,178.025,4
spotify:track:5nZF6wx5OkP5rbonct1yQW,"Bang Bang","Bang Bang","Uwe Felchle Project",2021-12-08,219104,0,false,lhecfot2d0dk35zz819282qni,2026-03-26T17:14:43Z,"","FUNKY MOOSE RECORDS",0.525,0.466,9,-10.899,1,0.0267,0.00268,0.795,0.194,0.645,178.025,4
spotify:track:23QkL2Mu8VV96iU3U0qAtp,"Ich verspüre Lust zu tanzen","Ich verspüre Lust zu tanzen","Uwe Felchle Project",2021-12-06,276262,0,false,lhecfot2d0dk35zz819282qni,2026-03-26T17:14:45Z,"","FUNKY MOOSE RECORDS",0.889,0.271,2,-13.142,1,0.171,0.000103,0.883,0.0912,0.462,115.986,4
spotify:track:3l6ED9bTp9YguWvGET7DrC,"Dad","Dad","Uwe Felchle Project",2021-12-05,127999,0,false,lhecfot2d0dk35zz819282qni,2026-03-26T17:14:50Z,"","FUNKY MOOSE RECORDS",0.381,0.0482,2,-20.2,1,0.0355,0.967,0.908,0.111,0.257,91.227,4
spotify:track:4tN00Zy6w3SBimVDiNb6il,"Callin` YOU","Callin` YOU","Uwe Felchle Project;Hubert Tubbs",2021-12-05,246961,0,false,lhecfot2d0dk35zz819282qni,2026-03-26T17:14:52Z,"","FUNKY MOOSE RECORDS",0.819,0.473,10,-9.41,0,0.113,0.0976,0.00156,0.745,0.853,99.497,4
spotify:track:2wiXpNXduNoubLEx1g8aSN,"Wild zivilisiert","Wild zivilisiert","Uwe Felchle Project",2021-12-04,210871,0,false,lhecfot2d0dk35zz819282qni,2026-03-26T17:14:53Z,"","FUNKY MOOSE RECORDS",0.826,0.42,2,-10.257,1,0.111,0.00758,0.566,0.103,0.145,92.982,4
spotify:track:11AuETE8CVlUoLK46KNI71,"Turkish Honey","Turkish Honey","Uwe Felchle Project",2021-12-04,284165,0,false,lhecfot2d0dk35zz819282qni,2026-03-26T17:14:55Z,"","FUNKY MOOSE RECORDS",0.586,0.771,7,-9.664,0,0.184,0.257,0.794,0.0598,0.825,199.904,4
spotify:track:5FLFT1YoRvI8BzDV0JTbeP,"I`ll be your Valentino","I`ll be your Valentino","Uwe Felchle Project",2021-12-04,203593,0,false,lhecfot2d0dk35zz819282qni,2026-03-26T17:14:57Z,"","FUNKY MOOSE RECORDS",0.655,0.689,1,-11.057,0,0.0477,0.000548,0.618,0.688,0.971,125.007,4
spotify:track:6QH7f6CUYzoc5r2DMl1Txr,"Trow`em Down!!","Trow`em Down!!","Uwe Felchle Project",2021-12-03,216037,0,true,lhecfot2d0dk35zz819282qni,2026-03-26T17:14:59Z,"","FUNKY MOOSE RECORDS",0.633,0.882,9,-7.393,1,0.0404,0.0149,0.383,0.501,0.0646,100.022,4
spotify:track:0NH10wjefsyeBJcudf8sDN,"Funky Rhythm of Glory","Funky Rhythm of Glory","Uwe Felchle Project;Brent Carter;Hubert Tubbs",2021-12-03,196386,0,false,lhecfot2d0dk35zz819282qni,2026-03-26T17:15:01Z,"","FUNKY MOOSE RECORDS",0.682,0.74,7,-9.454,1,0.0881,0.12,0.0425,0.148,0.801,86.004,4
spotify:track:2leyms3Gu36sCDDa0WB7gQ,"RED CORN","RED CORN","Uwe Felchle Project",2021-12-02,213366,0,false,lhecfot2d0dk35zz819282qni,2026-03-26T17:15:05Z,"","FUNKY MOOSE RECORDS",0.32,0.158,9,-18.945,0,0.0349,0.702,0.432,0.0845,0.178,56.445,4
spotify:track:4LADnaNVyvukCIBpGOduqT,"Love is moving on","Love is moving on","Uwe Felchle Project",2021-12-02,210187,0,false,lhecfot2d0dk35zz819282qni,2026-03-26T17:15:07Z,"","FUNKY MOOSE RECORDS",0.536,0.546,2,-9.804,1,0.0256,0.331,0.00000918,0.634,0.654,145.988,4
spotify:track:1iEonQe1kRY8iXKUNwxK94,"Je t `aime","Je t `aime","Uwe Felchle Project",2021-12-01,190014,0,false,lhecfot2d0dk35zz819282qni,2026-03-26T17:15:08Z,"","FUNKY MOOSE RECORDS",0.846,0.472,11,-15.343,0,0.178,0.000953,0.84,0.122,0.692,123.99,4
spotify:track:59W97KjJlvsUELierqEJq8,"One Road","One Road","Uwe Felchle Project",2021-11-30,254240,0,false,lhecfot2d0dk35zz819282qni,2026-03-26T17:15:10Z,"","FUNKY MOOSE RECORDS",0.665,0.403,7,-13.877,1,0.0424,0.506,0.000536,0.565,0.69,129.98,4
spotify:track:5ifI7XybgRsvBEdg4Xi1zb,"Rabbit Eyes","Rabbit Eyes","Uwe Felchle Project",2021-11-29,174315,0,true,lhecfot2d0dk35zz819282qni,2026-03-26T17:15:16Z,"","FUNKY MOOSE RECORDS",0.725,0.507,2,-13.217,0,0.0453,0.0908,0.0445,0.129,0.558,95.009,4
spotify:track:3JLx8DKJKyTxC2k0vtjrsl,"Keep the sunshine in your heart","Keep the sunshine in your heart","Uwe Felchle Project",2021-11-28,176336,0,false,lhecfot2d0dk35zz819282qni,2026-03-26T17:15:18Z,"","FUNKY MOOSE RECORDS",0.718,0.723,5,-10.756,0,0.0399,0.000202,0.0264,0.389,0.95,134.292,4
spotify:track:4PXwR20xguaU9klxUegdeI,"Let`s get down","Let`s get down","Uwe Felchle Project;Darius Gall",2021-11-25,227858,0,false,lhecfot2d0dk35zz819282qni,2026-03-26T17:15:19Z,"","FUNKY MOOSE RECORDS",0.657,0.73,7,-9.94,1,0.0441,0.0311,0.00000823,0.0944,0.722,112.968,4
spotify:track:6b6fcd4u0xuSX86HHXSnvv,"PARTY","PARTY","Uwe Felchle Project",2021-11-24,206399,0,false,lhecfot2d0dk35zz819282qni,2026-03-26T17:15:21Z,"","FUNKY MOOSE RECORDS",0.705,0.677,1,-10.627,1,0.0279,0.125,0.272,0.196,0.685,99.982,4
spotify:track:3shjC0stVT1YThJcdWjmT3,"Prove it, Baby!","Ojine","Uwe Felchle Project",2020-11-20,296000,0,false,lhecfot2d0dk35zz819282qni,2026-03-26T17:15:23Z,"","FUNKY MOOSE RECORDS",0.714,0.755,1,-10.031,1,0.0506,0.0266,0.254,0.122,0.709,120.012,4
spotify:track:6gc3VMTuMZXAg2NPn5EsaZ,"Precious","Ojine","Uwe Felchle Project",2020-11-20,196000,0,false,lhecfot2d0dk35zz819282qni,2026-03-26T17:15:23Z,"","FUNKY MOOSE RECORDS",0.774,0.709,0,-9.213,1,0.0535,0.0836,0.105,0.168,0.693,120.006,4
spotify:track:6PD5vzVuUKsUky6CCEAO32,"Sneakin'`54","Ojine","Uwe Felchle Project",2020-11-20,216263,0,false,lhecfot2d0dk35zz819282qni,2026-03-26T17:15:23Z,"","FUNKY MOOSE RECORDS",0.757,0.686,11,-9.482,0,0.0468,0.0514,0.796,0.111,0.662,111.016,4
spotify:track:7u3OaqySV958gnQYjeLH8s,"..coming back..","Ojine","Uwe Felchle Project",2020-11-20,168456,0,false,lhecfot2d0dk35zz819282qni,2026-03-26T17:15:23Z,"","FUNKY MOOSE RECORDS",0.757,0.853,0,-7.86,1,0.0464,0.00965,0.872,0.0539,0.967,115.51,4
spotify:track:7DuYUfyIxjafK0xUVugBJ5,"wish","Ojine","Uwe Felchle Project",2020-11-20,242160,0,false,lhecfot2d0dk35zz819282qni,2026-03-26T17:15:23Z,"","FUNKY MOOSE RECORDS",0.765,0.766,0,-7.361,1,0.0351,0.00659,0.892,0.0588,0.621,111.977,4
spotify:track:3XA28j11hwui8SM0180n2Q,"hola!hey!!..","hola!hey!!..","Uwe Felchle Project",2020-11-19,171428,0,false,lhecfot2d0dk35zz819282qni,2026-03-26T17:15:25Z,"","FUNKY MOOSE RECORDS",0.648,0.756,11,-10.025,1,0.037,0.00861,0.139,0.296,0.675,105.005,4
spotify:track:5UGL7Yztrrye0Q9hykH1gG,"Swim","Aeon","Uwe Felchle Project",2019-04-08,234285,0,false,lhecfot2d0dk35zz819282qni,2026-03-26T17:15:27Z,"","FUNKY MOOSE RECORDS",0.376,0.364,2,-11.812,1,0.0396,0.0665,0.791,0.0962,0.0625,167.997,4
spotify:track:4RYoNg1yAD0eFocj4eIVBD,"Meadow in the Highlands","Aeon","Uwe Felchle Project",2019-04-08,267036,0,false,lhecfot2d0dk35zz819282qni,2026-03-26T17:15:27Z,"","FUNKY MOOSE RECORDS",0.371,0.598,9,-10.412,0,0.0318,0.245,0.634,0.0929,0.432,80.998,1
spotify:track:558PHInR55Oual2ImcxPtt,"Darkcity","Aeon","Uwe Felchle Project",2019-04-08,213333,0,false,lhecfot2d0dk35zz819282qni,2026-03-26T17:15:27Z,"","FUNKY MOOSE RECORDS",0.347,0.51,9,-13.369,0,0.0411,0.25,0.798,0.564,0.186,71.953,4
spotify:track:3yStKXDLtwQa4inLDmE2uR,"Ironclad","Aeon","Uwe Felchle Project",2019-04-08,436525,0,false,lhecfot2d0dk35zz819282qni,2026-03-26T17:15:27Z,"","FUNKY MOOSE RECORDS",0.167,0.604,9,-11.668,0,0.0385,0.247,0.918,0.133,0.303,84.322,4
spotify:track:09ILzDMPNSvbg5uSnXHPnH,"Amore Si Muove","Aeon","Uwe Felchle Project",2019-04-08,215492,0,false,lhecfot2d0dk35zz819282qni,2026-03-26T17:15:27Z,"","FUNKY MOOSE RECORDS",0.531,0.18,9,-10.389,0,0.0271,0.524,0.712,0.0909,0.203,141.999,3
